factor_id,name,factor_type,scope,scope3_category,substance,value,unit,co2_factor,ch4_factor,n2o_factor,geography,jurisdiction,required_by,gwp_basis,tier,uncertainty_pct,source_document,source_url,data_year,published_date,effective_start,effective_end,superseded_by,wiki_method_page,last_verified
electricity-grid-akgd-egrid-2023,Electricity Grid — AKGD (ASCC Alaska Grid) — eGRID 2023,electricity-grid,2,,grid-electricity-akgd,410.5574,kg CO2e / MWh,408.0735,0.03901,0.005443,AKGD,US-Federal,"{GHG-Protocol,SB-253}",AR5,,,EPA eGRID 2023 (metric rev2),https://www.epa.gov/egrid,2023,2025-01-01,2025-01-01,,,methodologies/scope-2-location-based,2026-04-24
electricity-grid-akms-egrid-2023,Electricity Grid — AKMS (ASCC Miscellaneous) — eGRID 2023,electricity-grid,2,,grid-electricity-akms,236.9606,kg CO2e / MWh,236.0911,0.011794,0.001814,AKMS,US-Federal,"{GHG-Protocol,SB-253}",AR5,,,EPA eGRID 2023 (metric rev2),https://www.epa.gov/egrid,2023,2025-01-01,2025-01-01,,,methodologies/scope-2-location-based,2026-04-24
electricity-grid-aznm-egrid-2023,Electricity Grid — AZNM (WECC Southwest) — eGRID 2023,electricity-grid,2,,grid-electricity-aznm,320.3273,kg CO2e / MWh,319.1997,0.01769,0.002268,AZNM,US-Federal,"{GHG-Protocol,SB-253}",AR5,,,EPA eGRID 2023 (metric rev2),https://www.epa.gov/egrid,2023,2025-01-01,2025-01-01,,,methodologies/scope-2-location-based,2026-04-24
electricity-grid-camx-egrid-2023,Electricity Grid — CAMX (WECC California) — eGRID 2023,electricity-grid,2,,grid-electricity-camx,195.0403,kg CO2e / MWh,194.3513,0.01134,0.001361,CAMX,California,"{CARB-MRR,SB-253,GHG-Protocol}",AR5,,,EPA eGRID 2023 (metric rev2),https://www.epa.gov/egrid,2023,2025-01-01,2025-01-01,,,methodologies/scope-2-location-based,2026-04-24
electricity-grid-erct-egrid-2023,Electricity Grid — ERCT (ERCOT All) — eGRID 2023,electricity-grid,2,,grid-electricity-erct,334.1349,kg CO2e / MWh,332.8798,0.019505,0.002722,ERCT,US-Federal,"{GHG-Protocol,SB-253}",AR5,,,EPA eGRID 2023 (metric rev2),https://www.epa.gov/egrid,2023,2025-01-01,2025-01-01,,,methodologies/scope-2-location-based,2026-04-24
electricity-grid-frcc-egrid-2023,Electricity Grid — FRCC (FRCC All) — eGRID 2023,electricity-grid,2,,grid-electricity-frcc,355.9785,kg CO2e / MWh,354.834,0.018598,0.002268,FRCC,US-Federal,"{GHG-Protocol,SB-253}",AR5,,,EPA eGRID 2023 (metric rev2),https://www.epa.gov/egrid,2023,2025-01-01,2025-01-01,,,methodologies/scope-2-location-based,2026-04-24
electricity-grid-hims-egrid-2023,Electricity Grid — HIMS (HICC Miscellaneous) — eGRID 2023,electricity-grid,2,,grid-electricity-hims,514.0622,kg CO2e / MWh,509.5611,0.066226,0.009979,HIMS,US-Federal,"{GHG-Protocol,SB-253}",AR5,,,EPA eGRID 2023 (metric rev2),https://www.epa.gov/egrid,2023,2025-01-01,2025-01-01,,,methodologies/scope-2-location-based,2026-04-24
electricity-grid-hioa-egrid-2023,Electricity Grid — HIOA (HICC Oahu) — eGRID 2023,electricity-grid,2,,grid-electricity-hioa,679.9224,kg CO2e / MWh,675.659,0.060782,0.009526,HIOA,US-Federal,"{GHG-Protocol,SB-253}",AR5,,,EPA eGRID 2023 (metric rev2),https://www.epa.gov/egrid,2023,2025-01-01,2025-01-01,,,methodologies/scope-2-location-based,2026-04-24
electricity-grid-mroe-egrid-2023,Electricity Grid — MROE (MRO East) — eGRID 2023,electricity-grid,2,,grid-electricity-mroe,637.2912,kg CO2e / MWh,633.8212,0.052618,0.007711,MROE,US-Federal,"{GHG-Protocol,SB-253}",AR5,,,EPA eGRID 2023 (metric rev2),https://www.epa.gov/egrid,2023,2025-01-01,2025-01-01,,,methodologies/scope-2-location-based,2026-04-24
electricity-grid-mrow-egrid-2023,Electricity Grid — MROW (MRO West) — eGRID 2023,electricity-grid,2,,grid-electricity-mrow,420.284,kg CO2e / MWh,417.371,0.043999,0.00635,MROW,US-Federal,"{GHG-Protocol,SB-253}",AR5,,,EPA eGRID 2023 (metric rev2),https://www.epa.gov/egrid,2023,2025-01-01,2025-01-01,,,methodologies/scope-2-location-based,2026-04-24
electricity-grid-newe-egrid-2023,Electricity Grid — NEWE (NPCC New England) — eGRID 2023,electricity-grid,2,,grid-electricity-newe,246.3855,kg CO2e / MWh,244.6151,0.028577,0.003629,NEWE,US-Federal,"{GHG-Protocol,SB-253}",AR5,,,EPA eGRID 2023 (metric rev2),https://www.epa.gov/egrid,2023,2025-01-01,2025-01-01,,,methodologies/scope-2-location-based,2026-04-24
electricity-grid-nwpp-egrid-2023,Electricity Grid — NWPP (WECC Northwest) — eGRID 2023,electricity-grid,2,,grid-electricity-nwpp,288.1571,kg CO2e / MWh,286.555,0.024494,0.003629,NWPP,US-Federal,"{GHG-Protocol,SB-253}",AR5,,,EPA eGRID 2023 (metric rev2),https://www.epa.gov/egrid,2023,2025-01-01,2025-01-01,,,methodologies/scope-2-location-based,2026-04-24
electricity-grid-nycw-egrid-2023,Electricity Grid — NYCW (NPCC NYC/Westchester) — eGRID 2023,electricity-grid,2,,grid-electricity-nycw,392.7015,kg CO2e / MWh,392.1231,0.009979,0.000907,NYCW,US-Federal,"{GHG-Protocol,SB-253}",AR5,,,EPA eGRID 2023 (metric rev2),https://www.epa.gov/egrid,2023,2025-01-01,2025-01-01,,,methodologies/scope-2-location-based,2026-04-24
electricity-grid-nyli-egrid-2023,Electricity Grid — NYLI (NPCC Long Island) — eGRID 2023,electricity-grid,2,,grid-electricity-nyli,539.4814,kg CO2e / MWh,535.5528,0.063504,0.008165,NYLI,US-Federal,"{GHG-Protocol,SB-253}",AR5,,,EPA eGRID 2023 (metric rev2),https://www.epa.gov/egrid,2023,2025-01-01,2025-01-01,,,methodologies/scope-2-location-based,2026-04-24
electricity-grid-nyup-egrid-2023,Electricity Grid — NYUP (NPCC Upstate NY) — eGRID 2023,electricity-grid,2,,grid-electricity-nyup,110.1232,kg CO2e / MWh,109.8116,0.00499,0.000454,NYUP,US-Federal,"{GHG-Protocol,SB-253}",AR5,,,EPA eGRID 2023 (metric rev2),https://www.epa.gov/egrid,2023,2025-01-01,2025-01-01,,,methodologies/scope-2-location-based,2026-04-24
electricity-grid-prms-egrid-2023,Electricity Grid — PRMS (Puerto Rico Miscellaneous) — eGRID 2023,electricity-grid,2,,grid-electricity-prms,702.4132,kg CO2e / MWh,699.9379,0.034927,0.005443,PRMS,US-Federal,"{GHG-Protocol,SB-253}",AR5,,,EPA eGRID 2023 (metric rev2),https://www.epa.gov/egrid,2023,2025-01-01,2025-01-01,,,methodologies/scope-2-location-based,2026-04-24
electricity-grid-rfce-egrid-2023,Electricity Grid — RFCE (RFC East) — eGRID 2023,electricity-grid,2,,grid-electricity-rfce,271.7835,kg CO2e / MWh,270.7557,0.01633,0.002268,RFCE,US-Federal,"{GHG-Protocol,SB-253}",AR5,,,EPA eGRID 2023 (metric rev2),https://www.epa.gov/egrid,2023,2025-01-01,2025-01-01,,,methodologies/scope-2-location-based,2026-04-24
electricity-grid-rfcm-egrid-2023,Electricity Grid — RFCM (RFC Michigan) — eGRID 2023,electricity-grid,2,,grid-electricity-rfcm,442.7036,kg CO2e / MWh,440.2719,0.037195,0.005443,RFCM,US-Federal,"{GHG-Protocol,SB-253}",AR5,,,EPA eGRID 2023 (metric rev2),https://www.epa.gov/egrid,2023,2025-01-01,2025-01-01,,,methodologies/scope-2-location-based,2026-04-24
electricity-grid-rfcw-egrid-2023,Electricity Grid — RFCW (RFC West) — eGRID 2023,electricity-grid,2,,grid-electricity-rfcw,415.5221,kg CO2e / MWh,413.4219,0.032206,0.004536,RFCW,US-Federal,"{GHG-Protocol,SB-253}",AR5,,,EPA eGRID 2023 (metric rev2),https://www.epa.gov/egrid,2023,2025-01-01,2025-01-01,,,methodologies/scope-2-location-based,2026-04-24
electricity-grid-rmpa-egrid-2023,Electricity Grid — RMPA (WECC Rockies) — eGRID 2023,electricity-grid,2,,grid-electricity-rmpa,472.8957,kg CO2e / MWh,470.2022,0.040824,0.005897,RMPA,US-Federal,"{GHG-Protocol,SB-253}",AR5,,,EPA eGRID 2023 (metric rev2),https://www.epa.gov/egrid,2023,2025-01-01,2025-01-01,,,methodologies/scope-2-location-based,2026-04-24
electricity-grid-spno-egrid-2023,Electricity Grid — SPNO (SPP North) — eGRID 2023,electricity-grid,2,,grid-electricity-spno,393.6069,kg CO2e / MWh,391.0027,0.039463,0.005443,SPNO,US-Federal,"{GHG-Protocol,SB-253}",AR5,,,EPA eGRID 2023 (metric rev2),https://www.epa.gov/egrid,2023,2025-01-01,2025-01-01,,,methodologies/scope-2-location-based,2026-04-24
electricity-grid-spso-egrid-2023,Electricity Grid — SPSO (SPP South) — eGRID 2023,electricity-grid,2,,grid-electricity-spso,397.1572,kg CO2e / MWh,395.5583,0.024494,0.003629,SPSO,US-Federal,"{GHG-Protocol,SB-253}",AR5,,,EPA eGRID 2023 (metric rev2),https://www.epa.gov/egrid,2023,2025-01-01,2025-01-01,,,methodologies/scope-2-location-based,2026-04-24
electricity-grid-srmv-egrid-2023,Electricity Grid — SRMV (SERC Mississippi Valley) — eGRID 2023,electricity-grid,2,,grid-electricity-srmv,336.4537,kg CO2e / MWh,335.537,0.014515,0.001814,SRMV,US-Federal,"{GHG-Protocol,SB-253}",AR5,,,EPA eGRID 2023 (metric rev2),https://www.epa.gov/egrid,2023,2025-01-01,2025-01-01,,,methodologies/scope-2-location-based,2026-04-24
electricity-grid-srmw-egrid-2023,Electricity Grid — SRMW (SERC Midwest) — eGRID 2023,electricity-grid,2,,grid-electricity-srmw,566.3568,kg CO2e / MWh,562.391,0.059875,0.008618,SRMW,US-Federal,"{GHG-Protocol,SB-253}",AR5,,,EPA eGRID 2023 (metric rev2),https://www.epa.gov/egrid,2023,2025-01-01,2025-01-01,,,methodologies/scope-2-location-based,2026-04-24
electricity-grid-srso-egrid-2023,Electricity Grid — SRSO (SERC South) — eGRID 2023,electricity-grid,2,,grid-electricity-srso,383.7488,kg CO2e / MWh,382.0804,0.025402,0.003629,SRSO,US-Federal,"{GHG-Protocol,SB-253}",AR5,,,EPA eGRID 2023 (metric rev2),https://www.epa.gov/egrid,2023,2025-01-01,2025-01-01,,,methodologies/scope-2-location-based,2026-04-24
electricity-grid-srtv-egrid-2023,Electricity Grid — SRTV (SERC Tennessee Valley) — eGRID 2023,electricity-grid,2,,grid-electricity-srtv,409.7396,kg CO2e / MWh,407.3686,0.035834,0.00499,SRTV,US-Federal,"{GHG-Protocol,SB-253}",AR5,,,EPA eGRID 2023 (metric rev2),https://www.epa.gov/egrid,2023,2025-01-01,2025-01-01,,,methodologies/scope-2-location-based,2026-04-24
electricity-grid-srvc-egrid-2023,Electricity Grid — SRVC (SERC Virginia/Carolina) — eGRID 2023,electricity-grid,2,,grid-electricity-srvc,270.4935,kg CO2e / MWh,269.1749,0.020412,0.002722,SRVC,US-Federal,"{GHG-Protocol,SB-253}",AR5,,,EPA eGRID 2023 (metric rev2),https://www.epa.gov/egrid,2023,2025-01-01,2025-01-01,,,methodologies/scope-2-location-based,2026-04-24
